{
    "traceEvents": [
        {
            "ph": "M",
            "args": {
                "name": "Allocators"
            },
            "pid": 0,
            "name": "process_name"
        },
        {
            "ph": "M",
            "args": {
                "name": "/job:localhost/replica:0/task:0/cpu:0 Compute"
            },
            "pid": 1,
            "name": "process_name"
        },
        {
            "ph": "M",
            "args": {
                "name": "/job:localhost/replica:0/task:0/cpu:0 Tensors"
            },
            "pid": 2,
            "name": "process_name"
        },
        {
            "name": "NoOp",
            "args": {
                "name": "_SOURCE",
                "op": "NoOp"
            },
            "pid": 1,
            "ts": 1489082592642826,
            "cat": "Op",
            "tid": 0,
            "ph": "X",
            "dur": 17
        },
        {
            "name": "Const",
            "args": {
                "name": "Const_2",
                "op": "Const"
            },
            "pid": 1,
            "ts": 1489082592642876,
            "cat": "Op",
            "tid": 0,
            "ph": "X",
            "dur": 17
        },
        {
            "name": "Variable",
            "args": {
                "name": "Variable",
                "op": "Variable"
            },
            "pid": 1,
            "ts": 1489082592642876,
            "cat": "Op",
            "tid": 1,
            "ph": "X",
            "dur": 16
        },
        {
            "name": "Const",
            "args": {
                "name": "Reshape_9/shape",
                "op": "Const"
            },
            "pid": 1,
            "ts": 1489082592642904,
            "cat": "Op",
            "tid": 0,
            "ph": "X",
            "dur": 8
        },
        {
            "name": "Identity",
            "args": {
                "input0": "Variable",
                "name": "Variable/read",
                "op": "Identity"
            },
            "pid": 1,
            "ts": 1489082592642909,
            "cat": "Op",
            "tid": 1,
            "ph": "X",
            "dur": 9
        },
        {
            "name": "Variable",
            "args": {
                "name": "Variable_9",
                "op": "Variable"
            },
            "pid": 1,
            "ts": 1489082592642916,
            "cat": "Op",
            "tid": 0,
            "ph": "X",
            "dur": 7
        },
        {
            "name": "Variable",
            "args": {
                "name": "Variable_1",
                "op": "Variable"
            },
            "pid": 1,
            "ts": 1489082592642910,
            "cat": "Op",
            "tid": 2,
            "ph": "X",
            "dur": 18
        },
        {
            "name": "Identity",
            "args": {
                "input0": "Variable_9",
                "name": "Variable_9/read",
                "op": "Identity"
            },
            "pid": 1,
            "ts": 1489082592642926,
            "cat": "Op",
            "tid": 0,
            "ph": "X",
            "dur": 7
        },
        {
            "name": "Variable",
            "args": {
                "name": "Variable_8",
                "op": "Variable"
            },
            "pid": 1,
            "ts": 1489082592642937,
            "cat": "Op",
            "tid": 0,
            "ph": "X",
            "dur": 7
        },
        {
            "name": "Variable",
            "args": {
                "name": "Variable_2",
                "op": "Variable"
            },
            "pid": 1,
            "ts": 1489082592642910,
            "cat": "Op",
            "tid": 3,
            "ph": "X",
            "dur": 18
        },
        {
            "name": "Identity",
            "args": {
                "input0": "Variable_8",
                "name": "Variable_8/read",
                "op": "Identity"
            },
            "pid": 1,
            "ts": 1489082592642948,
            "cat": "Op",
            "tid": 0,
            "ph": "X",
            "dur": 8
        },
        {
            "name": "Identity",
            "args": {
                "input0": "Variable_1",
                "name": "Variable_1/read",
                "op": "Identity"
            },
            "pid": 1,
            "ts": 1489082592642943,
            "cat": "Op",
            "tid": 1,
            "ph": "X",
            "dur": 13
        },
        {
            "name": "Variable_1",
            "pid": 1,
            "ts": 1489082592642928,
            "cat": "DataFlow",
            "tid": 2,
            "ph": "s",
            "id": 0
        },
        {
            "name": "Variable_1",
            "pid": 1,
            "ts": 1489082592642943,
            "cat": "DataFlow",
            "tid": 1,
            "ph": "t",
            "id": 0
        },
        {
            "name": "Identity",
            "args": {
                "input0": "Variable_2",
                "name": "Variable_2/read",
                "op": "Identity"
            },
            "pid": 1,
            "ts": 1489082592642950,
            "cat": "Op",
            "tid": 2,
            "ph": "X",
            "dur": 10
        },
        {
            "name": "Variable_2",
            "pid": 1,
            "ts": 1489082592642928,
            "cat": "DataFlow",
            "tid": 3,
            "ph": "s",
            "id": 1
        },
        {
            "name": "Variable_2",
            "pid": 1,
            "ts": 1489082592642950,
            "cat": "DataFlow",
            "tid": 2,
            "ph": "t",
            "id": 1
        },
        {
            "name": "Variable",
            "args": {
                "name": "Variable_7",
                "op": "Variable"
            },
            "pid": 1,
            "ts": 1489082592642960,
            "cat": "Op",
            "tid": 0,
            "ph": "X",
            "dur": 8
        },
        {
            "name": "Variable",
            "args": {
                "name": "Variable_4",
                "op": "Variable"
            },
            "pid": 1,
            "ts": 1489082592642965,
            "cat": "Op",
            "tid": 1,
            "ph": "X",
            "dur": 8
        },
        {
            "name": "Identity",
            "args": {
                "input0": "Variable_7",
                "name": "Variable_7/read",
                "op": "Identity"
            },
            "pid": 1,
            "ts": 1489082592642971,
            "cat": "Op",
            "tid": 0,
            "ph": "X",
            "dur": 6
        },
        {
            "name": "Variable",
            "args": {
                "name": "Variable_3",
                "op": "Variable"
            },
            "pid": 1,
            "ts": 1489082592642964,
            "cat": "Op",
            "tid": 2,
            "ph": "X",
            "dur": 8
        },
        {
            "name": "Variable",
            "args": {
                "name": "Variable_6",
                "op": "Variable"
            },
            "pid": 1,
            "ts": 1489082592642981,
            "cat": "Op",
            "tid": 0,
            "ph": "X",
            "dur": 7
        },
        {
            "name": "Identity",
            "args": {
                "input0": "Variable_4",
                "name": "Variable_4/read",
                "op": "Identity"
            },
            "pid": 1,
            "ts": 1489082592642982,
            "cat": "Op",
            "tid": 1,
            "ph": "X",
            "dur": 9
        },
        {
            "name": "Identity",
            "args": {
                "input0": "Variable_3",
                "name": "Variable_3/read",
                "op": "Identity"
            },
            "pid": 1,
            "ts": 1489082592642986,
            "cat": "Op",
            "tid": 2,
            "ph": "X",
            "dur": 7
        },
        {
            "name": "Identity",
            "args": {
                "input0": "Variable_6",
                "name": "Variable_6/read",
                "op": "Identity"
            },
            "pid": 1,
            "ts": 1489082592642991,
            "cat": "Op",
            "tid": 0,
            "ph": "X",
            "dur": 6
        },
        {
            "name": "Variable",
            "args": {
                "name": "Variable_5",
                "op": "Variable"
            },
            "pid": 1,
            "ts": 1489082592642997,
            "cat": "Op",
            "tid": 1,
            "ph": "X",
            "dur": 6
        },
        {
            "name": "Identity",
            "args": {
                "input0": "Variable_5",
                "name": "Variable_5/read",
                "op": "Identity"
            },
            "pid": 1,
            "ts": 1489082592643006,
            "cat": "Op",
            "tid": 0,
            "ph": "X",
            "dur": 7
        },
        {
            "name": "Variable_5",
            "pid": 1,
            "ts": 1489082592643003,
            "cat": "DataFlow",
            "tid": 1,
            "ph": "s",
            "id": 2
        },
        {
            "name": "Variable_5",
            "pid": 1,
            "ts": 1489082592643006,
            "cat": "DataFlow",
            "tid": 0,
            "ph": "t",
            "id": 2
        },
        {
            "name": "Conv2D",
            "args": {
                "input0": "Const_2",
                "input1": "Variable/read",
                "name": "Conv2D_9",
                "op": "Conv2D"
            },
            "pid": 1,
            "ts": 1489082592642924,
            "cat": "Op",
            "tid": 4,
            "ph": "X",
            "dur": 1380696
        },
        {
            "name": "Const_2",
            "pid": 1,
            "ts": 1489082592642893,
            "cat": "DataFlow",
            "tid": 0,
            "ph": "s",
            "id": 3
        },
        {
            "name": "Const_2",
            "pid": 1,
            "ts": 1489082592642924,
            "cat": "DataFlow",
            "tid": 4,
            "ph": "t",
            "id": 3
        },
        {
            "name": "Variable/read",
            "pid": 1,
            "ts": 1489082592642918,
            "cat": "DataFlow",
            "tid": 1,
            "ph": "s",
            "id": 4
        },
        {
            "name": "Variable/read",
            "pid": 1,
            "ts": 1489082592642924,
            "cat": "DataFlow",
            "tid": 4,
            "ph": "t",
            "id": 4
        },
        {
            "name": "Add",
            "args": {
                "input0": "Conv2D_9",
                "input1": "Variable_1/read",
                "name": "add_15",
                "op": "Add"
            },
            "pid": 1,
            "ts": 1489082594023649,
            "cat": "Op",
            "tid": 0,
            "ph": "X",
            "dur": 174005
        },
        {
            "name": "Conv2D_9",
            "pid": 1,
            "ts": 1489082594023620,
            "cat": "DataFlow",
            "tid": 4,
            "ph": "s",
            "id": 5
        },
        {
            "name": "Conv2D_9",
            "pid": 1,
            "ts": 1489082594023649,
            "cat": "DataFlow",
            "tid": 0,
            "ph": "t",
            "id": 5
        },
        {
            "name": "Variable_1/read",
            "pid": 1,
            "ts": 1489082592642956,
            "cat": "DataFlow",
            "tid": 1,
            "ph": "s",
            "id": 6
        },
        {
            "name": "Variable_1/read",
            "pid": 1,
            "ts": 1489082594023649,
            "cat": "DataFlow",
            "tid": 0,
            "ph": "t",
            "id": 6
        },
        {
            "name": "Relu",
            "args": {
                "input0": "add_15",
                "name": "Relu_12",
                "op": "Relu"
            },
            "pid": 1,
            "ts": 1489082594197686,
            "cat": "Op",
            "tid": 0,
            "ph": "X",
            "dur": 68487
        },
        {
            "name": "AvgPool",
            "args": {
                "input0": "Relu_12",
                "name": "pool1_3",
                "op": "AvgPool"
            },
            "pid": 1,
            "ts": 1489082594266201,
            "cat": "Op",
            "tid": 0,
            "ph": "X",
            "dur": 119616
        },
        {
            "name": "LRN",
            "args": {
                "input0": "pool1_3",
                "name": "norm1_3",
                "op": "LRN"
            },
            "pid": 1,
            "ts": 1489082594385846,
            "cat": "Op",
            "tid": 0,
            "ph": "X",
            "dur": 94164
        },
        {
            "name": "Conv2D",
            "args": {
                "input0": "norm1_3",
                "input1": "Variable_2/read",
                "name": "Conv2D_10",
                "op": "Conv2D"
            },
            "pid": 1,
            "ts": 1489082594480038,
            "cat": "Op",
            "tid": 0,
            "ph": "X",
            "dur": 513995
        },
        {
            "name": "Variable_2/read",
            "pid": 1,
            "ts": 1489082592642960,
            "cat": "DataFlow",
            "tid": 2,
            "ph": "s",
            "id": 7
        },
        {
            "name": "Variable_2/read",
            "pid": 1,
            "ts": 1489082594480038,
            "cat": "DataFlow",
            "tid": 0,
            "ph": "t",
            "id": 7
        },
        {
            "name": "Add",
            "args": {
                "input0": "Conv2D_10",
                "input1": "Variable_3/read",
                "name": "add_16",
                "op": "Add"
            },
            "pid": 1,
            "ts": 1489082594994062,
            "cat": "Op",
            "tid": 0,
            "ph": "X",
            "dur": 29533
        },
        {
            "name": "Variable_3/read",
            "pid": 1,
            "ts": 1489082592642993,
            "cat": "DataFlow",
            "tid": 2,
            "ph": "s",
            "id": 8
        },
        {
            "name": "Variable_3/read",
            "pid": 1,
            "ts": 1489082594994062,
            "cat": "DataFlow",
            "tid": 0,
            "ph": "t",
            "id": 8
        },
        {
            "name": "Relu",
            "args": {
                "input0": "add_16",
                "name": "Relu_13",
                "op": "Relu"
            },
            "pid": 1,
            "ts": 1489082595023619,
            "cat": "Op",
            "tid": 0,
            "ph": "X",
            "dur": 19877
        },
        {
            "name": "AvgPool",
            "args": {
                "input0": "Relu_13",
                "name": "pool2_3",
                "op": "AvgPool"
            },
            "pid": 1,
            "ts": 1489082595043520,
            "cat": "Op",
            "tid": 0,
            "ph": "X",
            "dur": 17215
        },
        {
            "name": "LRN",
            "args": {
                "input0": "pool2_3",
                "name": "norm2_3",
                "op": "LRN"
            },
            "pid": 1,
            "ts": 1489082595060758,
            "cat": "Op",
            "tid": 0,
            "ph": "X",
            "dur": 23733
        },
        {
            "name": "Conv2D",
            "args": {
                "input0": "norm2_3",
                "input1": "Variable_4/read",
                "name": "Conv2D_11",
                "op": "Conv2D"
            },
            "pid": 1,
            "ts": 1489082595084517,
            "cat": "Op",
            "tid": 0,
            "ph": "X",
            "dur": 25922
        },
        {
            "name": "Variable_4/read",
            "pid": 1,
            "ts": 1489082592642991,
            "cat": "DataFlow",
            "tid": 1,
            "ph": "s",
            "id": 9
        },
        {
            "name": "Variable_4/read",
            "pid": 1,
            "ts": 1489082595084517,
            "cat": "DataFlow",
            "tid": 0,
            "ph": "t",
            "id": 9
        },
        {
            "name": "Add",
            "args": {
                "input0": "Conv2D_11",
                "input1": "Variable_5/read",
                "name": "add_17",
                "op": "Add"
            },
            "pid": 1,
            "ts": 1489082595110465,
            "cat": "Op",
            "tid": 0,
            "ph": "X",
            "dur": 3183
        },
        {
            "name": "Relu",
            "args": {
                "input0": "add_17",
                "name": "Relu_14",
                "op": "Relu"
            },
            "pid": 1,
            "ts": 1489082595113673,
            "cat": "Op",
            "tid": 0,
            "ph": "X",
            "dur": 1987
        },
        {
            "name": "Reshape",
            "args": {
                "input0": "Relu_14",
                "input1": "Reshape_9/shape",
                "name": "Reshape_9",
                "op": "Reshape"
            },
            "pid": 1,
            "ts": 1489082595115683,
            "cat": "Op",
            "tid": 0,
            "ph": "X",
            "dur": 12
        },
        {
            "name": "MatMul",
            "args": {
                "input0": "Reshape_9",
                "input1": "Variable_6/read",
                "name": "MatMul_6",
                "op": "MatMul"
            },
            "pid": 1,
            "ts": 1489082595115699,
            "cat": "Op",
            "tid": 0,
            "ph": "X",
            "dur": 8719
        },
        {
            "name": "Add",
            "args": {
                "input0": "MatMul_6",
                "input1": "Variable_7/read",
                "name": "add_18",
                "op": "Add"
            },
            "pid": 1,
            "ts": 1489082595124448,
            "cat": "Op",
            "tid": 0,
            "ph": "X",
            "dur": 2280
        },
        {
            "name": "Relu",
            "args": {
                "input0": "add_18",
                "name": "Relu_15",
                "op": "Relu"
            },
            "pid": 1,
            "ts": 1489082595126751,
            "cat": "Op",
            "tid": 0,
            "ph": "X",
            "dur": 1133
        },
        {
            "name": "MatMul",
            "args": {
                "input0": "Relu_15",
                "input1": "Variable_8/read",
                "name": "MatMul_7",
                "op": "MatMul"
            },
            "pid": 1,
            "ts": 1489082595127907,
            "cat": "Op",
            "tid": 0,
            "ph": "X",
            "dur": 1559
        },
        {
            "name": "Add",
            "args": {
                "input0": "MatMul_7",
                "input1": "Variable_9/read",
                "name": "add_19",
                "op": "Add"
            },
            "pid": 1,
            "ts": 1489082595129489,
            "cat": "Op",
            "tid": 0,
            "ph": "X",
            "dur": 511
        },
        {
            "name": "Softmax",
            "args": {
                "input0": "add_19",
                "name": "Softmax_2",
                "op": "Softmax"
            },
            "pid": 1,
            "ts": 1489082595130011,
            "cat": "Op",
            "tid": 0,
            "ph": "X",
            "dur": 2462
        }
    ]
}